{
    "height": 720,
    "width": 1280,
    "fx": 645.9848022460938,
    "fy": 645.2113647460938,
    "cx": 639.00927734375,
    "cy": 361.0145263671875
}