{
    "height": 720,
    "width": 1280,
    "fx": 644.2305908203125,
    "fy": 643.459228515625,
    "cx": 639.00927734375,
    "cy": 361.0145263671875,
    "distortion": [
        -0.05537797138094902,
        0.06713823974132538,
        -0.0002206100180046633,
        0.0003125208313576877,
        -0.02147624082863331
    ]
}