{
    "height": 720,
    "width": 1280,
    "fx": 642.6074829101562,
    "fy": 641.7947387695312,
    "cx": 647.15283203125,
    "cy": 368.00286865234375,
    "distortion": [
        -0.056005097925662994,
        0.06765501201152802,
        0.00024983854382298887,
        0.0006985375075601041,
        -0.021450236439704895
    ]
}