{
    "height": 720,
    "width": 1280,
    "fx": 644.9322509765625,
    "fy": 644.1600341796875,
    "cx": 639.00927734375,
    "cy": 361.0145263671875
}