{
    "height": 720,
    "width": 1280,
    "fx": 645.107666015625,
    "fy": 644.3352661132812,
    "cx": 639.00927734375,
    "cy": 361.0145263671875
}