{
    "height": 720,
    "width": 1280,
    "fx": 645.634033203125,
    "fy": 644.8609619140625,
    "cx": 639.00927734375,
    "cy": 361.0145263671875
}