{
    "height": 720,
    "width": 1280,
    "fx": 643.3533935546875,
    "fy": 642.5831909179688,
    "cx": 639.00927734375,
    "cy": 361.0145263671875
}