{
    "focal_length_x": 642.0826416015625,
    "focal_length_y": 641.2705078125,
    "principal_point_x": 647.15283203125,
    "principal_point_y": 368.00286865234375
}