{
    "height": 720,
    "width": 1280,
    "fx": 643.1323852539062,
    "fy": 642.3189086914062,
    "cx": 647.15283203125,
    "cy": 368.00286865234375
}