{
    "height": 720,
    "width": 1280,
    "fx": 641.5577392578125,
    "fy": 640.7462768554688,
    "cx": 647.15283203125,
    "cy": 368.00286865234375
}