{
    "height": 720,
    "width": 1280,
    "fx": 644.0072021484375,
    "fy": 643.1925659179688,
    "cx": 647.15283203125,
    "cy": 368.00286865234375
}