{
    "height": 720,
    "width": 1280,
    "fx": 642.6074829101562,
    "fy": 641.7947387695312,
    "cx": 647.15283203125,
    "cy": 368.00286865234375
}