{
    "height": 720,
    "width": 1280,
    "fx": 643.307373046875,
    "fy": 642.49365234375,
    "cx": 647.15283203125,
    "cy": 368.00286865234375
}