{
    "height": 720,
    "width": 1280,
    "fx": 644.1821899414062,
    "fy": 643.3673706054688,
    "cx": 647.15283203125,
    "cy": 368.00286865234375
}